{
  "operation_type": "доставка",
  "document_number": "ДО-2023/125",
  "date": "12.05.2023",
  "location": "г. Москва",
  "organization": "ООО \"ЭкоТранс\"",
  "address": "123456, г. Москва, ул. Транспортная, д. 10",
  "inn": "7712345678",
  "kpp": "771201001",
  "contact_person": "Иванов Иван Иванович",
  "phone": "+7 (495) 123-45-67",
  "email": "info@ecotrans.ru",
  "operation_date": "10.05.2023",
  "operation_location": "г. Москва - г. Подольск",
  "wastes": [
    {
      "name": "Лампы ртутные, ртутно-кварцевые, люминесцентные, утратившие потребительские свойства",
      "hazard_class": "I",
      "fkko_code": "4 71 101 01 52 1",
      "quantity": "15"
    },
    {
      "name": "Аккумуляторы свинцовые отработанные неповрежденные, с электролитом",
      "hazard_class": "II",
      "fkko_code": "9 20 110 01 53 2",
      "quantity": "50"
    },
    {
      "name": "Отходы минеральных масел моторных",
      "hazard_class": "III",
      "fkko_code": "4 06 110 01 31 3",
      "quantity": "100"
    }
  ],
  "show_number": true,
  "show_total": true,
  "total_quantity": "165",
  "transport_info": {
    "vehicle_type": "Грузовой автомобиль с изолированным кузовом",
    "vehicle_number": "А123БВ77",
    "driver": "Петров Петр Петрович",
    "route": "г. Москва (склад ООО \"ТехноСервис\") - г. Подольск (полигон ЗАО \"ЭкоПолигон\")",
    "departure_date": "10.05.2023 08:30",
    "arrival_date": "10.05.2023 11:15"
  },
  "additional_text": "Доставка отходов осуществлялась в соответствии с требованиями СанПиН 2.1.7.1322-03. Во время транспортировки не было допущено нарушений целостности упаковки и разливов опасных веществ.",
  "responsible_person": "Сидоров С.С., начальник транспортного отдела",
  "company_representative": "Кузнецов А.В., специалист-эколог"
} 