{
  "operation_type": "образование",
  "document_number": "ОО-2023/157",
  "date": "30.08.2023",
  "location": "г. Тверь",
  "organization": "АО \"МеталлПром\"",
  "address": "170100, Тверская обл., г. Тверь, Промышленная зона, д. 5",
  "inn": "6901234567",
  "kpp": "690101001",
  "contact_person": "Григорьев Сергей Александрович",
  "phone": "+7 (4822) 56-78-90",
  "email": "ecology@metallprom.ru",
  "operation_date": "01.08.2023 - 30.08.2023",
  "operation_location": "Производственные цеха АО \"МеталлПром\"",
  "wastes": [
    {
      "name": "Стружка черных металлов несортированная незагрязненная",
      "hazard_class": "V",
      "fkko_code": "3 61 212 03 22 5",
      "quantity": "2800"
    },
    {
      "name": "Шлак сварочный",
      "hazard_class": "IV",
      "fkko_code": "9 19 100 02 20 4",
      "quantity": "450"
    },
    {
      "name": "Отходы минеральных масел индустриальных",
      "hazard_class": "III",
      "fkko_code": "4 06 130 01 31 3",
      "quantity": "320"
    },
    {
      "name": "Тара из черных металлов, загрязненная лакокрасочными материалами",
      "hazard_class": "III",
      "fkko_code": "4 68 112 01 51 3",
      "quantity": "180"
    }
  ],
  "show_number": true,
  "show_total": true,
  "total_quantity": "3750",
  "source_info": [
    {
      "process": "Металлообработка (фрезерование, точение)",
      "location": "Механический цех №1",
      "period": "01.08.2023 - 30.08.2023"
    },
    {
      "process": "Сварочные работы",
      "location": "Сборочный цех №2",
      "period": "01.08.2023 - 30.08.2023"
    },
    {
      "process": "Техническое обслуживание станков",
      "location": "Все цеха предприятия",
      "period": "10.08.2023 - 15.08.2023"
    },
    {
      "process": "Покрасочные работы",
      "location": "Покрасочная камера, цех №3",
      "period": "05.08.2023 - 25.08.2023"
    }
  ],
  "additional_text": "Учет отходов проведен в соответствии с Приказом Минприроды России от 08.12.2020 №1028. Образование отходов происходило в пределах установленных лимитов ПНООЛР. Все отходы размещены на специально отведенных площадках временного накопления.",
  "responsible_person": "Орлова Н.В., инженер-эколог",
  "company_representative": "Григорьев С.А., главный инженер"
} 