{
  "operation_type": "обезвреживание",
  "document_number": "ОБ-2023/113",
  "date": "05.10.2023",
  "location": "г. Новосибирск",
  "organization": "ЗАО \"ЭкоТехнологии\"",
  "address": "630000, г. Новосибирск, ул. Промышленная, д. 25",
  "inn": "5401654321",
  "kpp": "540101001",
  "contact_person": "Васильев Олег Петрович",
  "phone": "+7 (383) 456-78-90",
  "email": "info@ecotechnology.ru",
  "operation_date": "01.10.2023 - 04.10.2023",
  "operation_location": "Промышленная площадка ЗАО \"ЭкоТехнологии\", участок №2",
  "operation_method": "Химическая нейтрализация и детоксикация",
  "wastes": [
    {
      "name": "Отходы кислот аккумуляторных",
      "hazard_class": "II",
      "fkko_code": "9 20 210 01 10 2",
      "quantity": "750"
    },
    {
      "name": "Отходы растворов гидроксида натрия с pH > 11,5",
      "hazard_class": "II",
      "fkko_code": "9 48 102 01 10 2",
      "quantity": "580"
    },
    {
      "name": "Растворы травления меди отработанные",
      "hazard_class": "II",
      "fkko_code": "3 63 511 02 10 2",
      "quantity": "620"
    },
    {
      "name": "Осадок (шлам) механической очистки нефтесодержащих сточных вод",
      "hazard_class": "III",
      "fkko_code": "7 23 102 01 39 3",
      "quantity": "350"
    }
  ],
  "show_number": true,
  "show_total": true,
  "total_quantity": "2300",
  "neutralization_methods": [
    {
      "waste_name": "Отходы кислот аккумуляторных",
      "method_name": "Нейтрализация гидроксидом кальция с последующей фильтрацией",
      "efficiency": "99,5%"
    },
    {
      "waste_name": "Отходы растворов гидроксида натрия с pH > 11,5",
      "method_name": "Нейтрализация серной кислотой до pH 7.0-7.5",
      "efficiency": "99,8%"
    },
    {
      "waste_name": "Растворы травления меди отработанные",
      "method_name": "Реагентное осаждение с использованием ферроцианида калия",
      "efficiency": "98,7%"
    },
    {
      "waste_name": "Осадок (шлам) механической очистки нефтесодержащих сточных вод",
      "method_name": "Термическая обработка с последующей реагентной стабилизацией",
      "efficiency": "97,2%"
    }
  ],
  "additional_text": "Обезвреживание отходов проведено в соответствии с технологическим регламентом TR-N-2023/05, согласованным с территориальным органом Росприроднадзора. Все операции фиксировались в электронном журнале учета. Образовавшиеся после обезвреживания остатки относятся к IV классу опасности и подлежат размещению на полигоне ТБО.",
  "responsible_person": "Сергеев М.К., главный технолог",
  "company_representative": "Васильев О.П., технический директор"
} 