{
  "operation_type": "переработка",
  "document_number": "ПЕ-2023/045",
  "date": "15.07.2023",
  "location": "г. Химки",
  "organization": "ООО \"ВторРесурс\"",
  "address": "141400, Московская обл., г. Химки, Коммунальный проезд, д. 12",
  "inn": "5047987654",
  "kpp": "504701001",
  "contact_person": "Козлова Мария Дмитриевна",
  "phone": "+7 (495) 345-67-89",
  "email": "info@vtorresurs.ru",
  "operation_date": "07.07.2023 - 14.07.2023",
  "operation_location": "Производственная площадка ООО \"ВторРесурс\"",
  "operation_method": "Механическая переработка с сортировкой и дроблением",
  "wastes": [
    {
      "name": "Отходы пленки полиэтилена и изделий из нее незагрязненные",
      "hazard_class": "V",
      "fkko_code": "4 34 110 02 29 5",
      "quantity": "1200"
    },
    {
      "name": "Лом и отходы изделий из полипропилена незагрязненные (кроме тары)",
      "hazard_class": "V",
      "fkko_code": "4 34 120 03 51 5",
      "quantity": "850"
    },
    {
      "name": "Отходы полиэтиленовой тары незагрязненной",
      "hazard_class": "V",
      "fkko_code": "4 34 110 04 51 5",
      "quantity": "950"
    }
  ],
  "show_number": true,
  "show_total": true,
  "total_quantity": "3000",
  "processing_results": [
    {
      "name": "Гранулы ПНД (полиэтилен низкого давления)",
      "characteristics": "Диаметр 2-5 мм, влажность менее 0,5%",
      "quantity": "1150"
    },
    {
      "name": "Гранулы ПП (полипропилен)",
      "characteristics": "Диаметр 3-4 мм, чистота 98%",
      "quantity": "820"
    },
    {
      "name": "Агломерат ПВД (полиэтилен высокого давления)",
      "characteristics": "Фракция 8-12 мм, без примесей",
      "quantity": "920"
    }
  ],
  "additional_text": "Переработка проведена на оборудовании Herbold Meckesheim серии SML. Полученное вторсырье соответствует стандартам ГОСТ 33573-2015 и может использоваться в производстве пластиковых изделий бытового назначения. Эффективность переработки 96%.",
  "responsible_person": "Белов А.И., начальник производства",
  "company_representative": "Соколова В.Н., менеджер по качеству"
} 