{
  "operation_type": "накопление",
  "document_number": "НО-2023/096",
  "date": "10.09.2023",
  "location": "д. Ивановка, Ленинский район",
  "organization": "ООО \"АгроХим\"",
  "address": "142700, Московская обл., Ленинский р-н, д. Ивановка, ул. Центральная, д. 15",
  "inn": "5003765432",
  "kpp": "500301001",
  "contact_person": "Николаев Дмитрий Владимирович",
  "phone": "+7 (495) 876-54-32",
  "email": "eco@agrohim.ru",
  "operation_date": "01.09.2023 - 10.09.2023",
  "operation_location": "Площадки накопления отходов ООО \"АгроХим\"",
  "wastes": [
    {
      "name": "Тара полипропиленовая, загрязненная минеральными удобрениями",
      "hazard_class": "IV",
      "fkko_code": "4 38 122 03 51 4",
      "quantity": "480"
    },
    {
      "name": "Отходы упаковочных материалов из бумаги и картона, загрязненные неорганическими веществами",
      "hazard_class": "IV",
      "fkko_code": "4 05 911 01 60 4",
      "quantity": "350"
    },
    {
      "name": "Тара из черных металлов, загрязненная пестицидами 3 класса опасности",
      "hazard_class": "III",
      "fkko_code": "4 68 111 02 51 3",
      "quantity": "240"
    },
    {
      "name": "Отходы полиэтиленовой тары, загрязненной пестицидами 3 класса опасности",
      "hazard_class": "III",
      "fkko_code": "4 38 113 12 51 3",
      "quantity": "290"
    }
  ],
  "show_number": true,
  "show_total": true,
  "total_quantity": "1360",
  "storage_info": {
    "storage_type": "Крытая площадка с твердым покрытием, оборудованная системой сбора ливневых стоков",
    "storage_capacity": "2500 кг",
    "storage_period": "Не более 11 месяцев"
  },
  "additional_text": "Накопление отходов осуществляется в соответствии с требованиями СанПиН 2.1.7.1322-03. Площадка оборудована противопожарными средствами, освещением, имеется ограждение. Ведется журнал учета движения отходов. Запланирована передача отходов лицензированной организации ООО \"ЭкоУтиль\" 15.09.2023.",
  "responsible_person": "Степанова А.В., специалист по охране окружающей среды",
  "company_representative": "Николаев Д.В., заместитель директора"
} 