{
  "operation_type": "утилизация",
  "document_number": "УТ-2023/087",
  "date": "23.06.2023",
  "location": "г. Подольск",
  "organization": "ЗАО \"ЭкоПолигон\"",
  "address": "142100, Московская обл., г. Подольск, ул. Промышленная, д. 5",
  "inn": "5036123456",
  "kpp": "503601001",
  "contact_person": "Смирнов Алексей Николаевич",
  "phone": "+7 (496) 234-56-78",
  "email": "info@ecopoligon.ru",
  "operation_date": "20.06.2023 - 22.06.2023",
  "operation_location": "Полигон ЗАО \"ЭкоПолигон\", участок №3",
  "operation_method": "Термическая обработка с извлечением полезных компонентов",
  "wastes": [
    {
      "name": "Отходы минеральных масел моторных",
      "hazard_class": "III",
      "fkko_code": "4 06 110 01 31 3",
      "quantity": "250"
    },
    {
      "name": "Отходы синтетических и полусинтетических масел моторных",
      "hazard_class": "III",
      "fkko_code": "4 13 100 01 31 3",
      "quantity": "180"
    },
    {
      "name": "Фильтры очистки масла автотранспортных средств отработанные",
      "hazard_class": "III",
      "fkko_code": "9 21 302 01 52 3",
      "quantity": "75"
    }
  ],
  "show_number": true,
  "show_total": true,
  "total_quantity": "505",
  "utilization_results": [
    {
      "name": "Топливо жидкое вторичное",
      "usage": "Для технологических нужд предприятия",
      "quantity": "320"
    },
    {
      "name": "Металлолом",
      "usage": "Передача на металлургическое предприятие",
      "quantity": "65"
    },
    {
      "name": "Углеродистый остаток",
      "usage": "Использование в производстве строительных материалов",
      "quantity": "45"
    }
  ],
  "additional_text": "Утилизация отходов проведена с соблюдением требований ФЗ № 89 «Об отходах производства и потребления» и нормативов воздействия на окружающую среду. Эффективность утилизации составила 85%.",
  "responsible_person": "Федоров И.С., главный технолог",
  "company_representative": "Морозова Е.П., инженер-эколог"
} 